filename,filesize,codec,compression_time,compression_ratio,resolution,bitrate_kbps,PSNR
BigBuckBunny_h261_352x288_100k.avi,1256991,h261,1.8134279251098635,174.21024159262748,352x288,100,32.43
BigBuckBunny_h261_352x288_200k.avi,1792771,h261,1.796509027481079,122.14653062408382,352x288,200,36.51
BigBuckBunny_h261_352x288_300k.avi,2525978,h261,1.943596124649048,86.69152304572724,352x288,300,39.86
BigBuckBunny_h261_352x288_400k.avi,3265547,h261,2.027209043502808,67.05792718404385,352x288,400,42.31
BigBuckBunny_h261_352x288_500k.avi,3981362,h261,1.857339859008789,55.00149948685902,352x288,500,41.93
BigBuckBunny_h261_352x288_750k.avi,5764638,h261,1.833813190460205,37.98692649911408,352x288,750,44.48
BigBuckBunny_h261_352x288_1000k.avi,7405953,h261,2.2905149459838867,29.568220380520863,352x288,1000,44.53
BigBuckBunny_h261_352x288_1250k.avi,8729841,h261,2.0804848670959477,25.084174490214146,352x288,1250,44.53
BigBuckBunny_h261_352x288_1500k.avi,9763080,h261,2.676991701126098,22.42948741585647,352x288,1500,43.94
BigBuckBunny_h261_352x288_2000k.avi,10282033,h261,3.081643581390381,21.297428115876684,352x288,2000,43.94
BigBuckBunny_h261_352x288_2500k.avi,10282033,h261,2.5416667461395264,21.297428115876684,352x288,2500,43.94
BigBuckBunny_h261_352x288_3000k.avi,10282033,h261,2.467291593551636,21.297428115876684,352x288,3000,43.94
BigBuckBunny_h261_352x288_3500k.avi,10282033,h261,2.633139371871948,21.297428115876684,352x288,3500,43.94
BigBuckBunny_h261_352x288_4000k.avi,10282033,h261,2.76025938987732,21.297428115876684,352x288,4000,43.94
BigBuckBunny_h261_352x288_5000k.avi,10282033,h261,2.5417122840881348,21.297428115876684,352x288,5000,43.94
BigBuckBunny_h261_352x288_7500k.avi,10282033,h261,2.7025065422058105,21.297428115876684,352x288,7500,43.94
BigBuckBunny_h261_352x288_10000k.avi,10282033,h261,2.901241540908813,21.297428115876684,352x288,10000,43.94
BigBuckBunny_h261_352x288_15000k.avi,10282033,h261,2.616037130355835,21.297428115876684,352x288,15000,43.94
BigBuckBunny_h261_176x144_100k.avi,1005359,h261,1.8478729724884035,54.45985517625528,176x144,100,37.2
BigBuckBunny_h261_176x144_200k.avi,1706318,h261,1.8320391178131104,32.08766478464155,176x144,200,41.64
BigBuckBunny_h261_176x144_300k.avi,2368999,h261,1.8331382274627688,23.11176023638666,176x144,300,43.53
BigBuckBunny_h261_176x144_400k.avi,2942397,h261,1.907712459564209,18.60787017935711,176x144,400,43.53
BigBuckBunny_h261_176x144_500k.avi,3432657,h261,1.899573564529419,15.950251962182076,176x144,500,43.53
BigBuckBunny_h261_176x144_750k.avi,3920146,h261,1.9570767879486084,13.96676552352897,176x144,750,43.53
BigBuckBunny_h261_176x144_1000k.avi,3920146,h261,1.9103796482086184,13.96676552352897,176x144,1000,43.53
BigBuckBunny_h261_176x144_1250k.avi,3920146,h261,1.939246416091919,13.96676552352897,176x144,1250,43.53
BigBuckBunny_h261_176x144_1500k.avi,3920146,h261,2.0321054458618164,13.96676552352897,176x144,1500,43.53
BigBuckBunny_h261_176x144_2000k.avi,3920146,h261,1.9264826774597168,13.96676552352897,176x144,2000,43.53
BigBuckBunny_h261_176x144_2500k.avi,3920146,h261,2.145947933197021,13.96676552352897,176x144,2500,43.53
BigBuckBunny_h261_176x144_3000k.avi,3920146,h261,1.980163097381592,13.96676552352897,176x144,3000,43.53
BigBuckBunny_h261_176x144_3500k.avi,3920146,h261,1.909644603729248,13.96676552352897,176x144,3500,43.53
BigBuckBunny_h261_176x144_4000k.avi,3920146,h261,1.9658920764923096,13.96676552352897,176x144,4000,43.53
BigBuckBunny_h261_176x144_5000k.avi,3920146,h261,1.9537034034729004,13.96676552352897,176x144,5000,43.53
BigBuckBunny_h261_176x144_7500k.avi,3920146,h261,2.1996333599090576,13.96676552352897,176x144,7500,43.53
BigBuckBunny_h261_176x144_10000k.avi,3920146,h261,1.9138739109039309,13.96676552352897,176x144,10000,43.53
BigBuckBunny_h261_176x144_15000k.avi,3920146,h261,2.173152446746826,13.96676552352897,176x144,15000,43.53
BigBuckBunny_mpeg1_1920x1080_100k.mp4,13352962,mpeg1,2.6239418983459477,335.43002403286823,1920x1080,100,39.42
BigBuckBunny_mpeg1_1920x1080_200k.mp4,13357763,mpeg1,2.855873346328736,335.3094900695573,1920x1080,200,39.42
BigBuckBunny_mpeg1_1920x1080_300k.mp4,13389200,mpeg1,3.0467934608459477,334.5221794788203,1920x1080,300,39.42
BigBuckBunny_mpeg1_1920x1080_400k.mp4,13390208,mpeg1,2.348813056945801,334.4970220029442,1920x1080,400,39.42
BigBuckBunny_mpeg1_1920x1080_500k.mp4,13394139,mpeg1,2.372451066970825,334.398851617114,1920x1080,500,39.42
BigBuckBunny_mpeg1_1920x1080_750k.mp4,13394133,mpeg1,2.272038221359253,334.39900141352933,1920x1080,750,39.42
BigBuckBunny_mpeg1_1920x1080_1000k.mp4,13394956,mpeg1,2.594827175140381,334.3784555917914,1920x1080,1000,39.42
BigBuckBunny_mpeg1_1920x1080_1250k.mp4,13394956,mpeg1,2.319016695022583,334.3784555917914,1920x1080,1250,39.42
BigBuckBunny_mpeg1_1920x1080_1500k.mp4,13395519,mpeg1,2.5572972297668457,334.36437704546,1920x1080,1500,39.42
BigBuckBunny_mpeg1_1920x1080_2000k.mp4,15151309,mpeg1,2.3006961345672607,295.61699285408326,1920x1080,2000,43.56
BigBuckBunny_mpeg1_1920x1080_2500k.mp4,18895814,mpeg1,2.396987199783325,237.03581650412096,1920x1080,2500,45.29
BigBuckBunny_mpeg1_1920x1080_3000k.mp4,22644730,mpeg1,2.6136105060577397,197.79368101126929,1920x1080,3000,45.29
BigBuckBunny_mpeg1_1920x1080_3500k.mp4,26384903,mpeg1,3.1295506954193115,169.7555871249555,1920x1080,3500,46.12
BigBuckBunny_mpeg1_1920x1080_4000k.mp4,30156817,mpeg1,2.481694221496582,148.52312497038398,1920x1080,4000,47.09
BigBuckBunny_mpeg1_1920x1080_5000k.mp4,37642524,mpeg1,2.645615816116333,118.9873638653986,1920x1080,5000,47.09
BigBuckBunny_mpeg1_1920x1080_7500k.mp4,56405783,mpeg1,2.6097192764282227,79.40648036035596,1920x1080,7500,48.41
BigBuckBunny_mpeg1_1920x1080_10000k.mp4,74002194,mpeg1,2.701197862625122,60.52502578504632,1920x1080,10000,48.41
BigBuckBunny_mpeg1_1920x1080_15000k.mp4,97531971,mpeg1,3.6525185108184814,45.92324555890247,1920x1080,15000,48.41
BigBuckBunny_mpeg1_1280x720_100k.mp4,6376939,mpeg1,2.098579168319702,312.16613595235333,1280x720,100,37.82
BigBuckBunny_mpeg1_1280x720_200k.mp4,6394384,mpeg1,2.3005967140197754,311.3144921677378,1280x720,200,37.82
BigBuckBunny_mpeg1_1280x720_300k.mp4,6394646,mpeg1,2.1683802604675293,311.30178574388634,1280x720,300,37.82
BigBuckBunny_mpeg1_1280x720_400k.mp4,6395302,mpeg1,2.1893715858459477,311.269805199222,1280x720,400,37.82
BigBuckBunny_mpeg1_1280x720_500k.mp4,6399500,mpeg1,1.9048161506652832,311.0656157409773,1280x720,500,37.82
BigBuckBunny_mpeg1_1280x720_750k.mp4,6423140,mpeg1,1.9215176105499268,309.9207566827507,1280x720,750,37.82
BigBuckBunny_mpeg1_1280x720_1000k.mp4,7697127,mpeg1,2.0424957275390625,258.62434910787505,1280x720,1000,41.78
BigBuckBunny_mpeg1_1280x720_1250k.mp4,9549195,mpeg1,1.993859052658081,208.46411771210896,1280x720,1250,43.4
BigBuckBunny_mpeg1_1280x720_1500k.mp4,11416166,mpeg1,2.2810912132263184,174.3724245624648,1280x720,1500,44.12
BigBuckBunny_mpeg1_1280x720_2000k.mp4,15164528,mpeg1,2.06997299194336,131.2711208505058,1280x720,2000,46.07
BigBuckBunny_mpeg1_1280x720_2500k.mp4,18910430,mpeg1,2.08400559425354,105.26808322179876,1280x720,2500,46.07
BigBuckBunny_mpeg1_1280x720_3000k.mp4,22654981,mpeg1,2.268911600112915,87.86873982067168,1280x720,3000,47.55
BigBuckBunny_mpeg1_1280x720_3500k.mp4,26410864,mpeg1,2.18108868598938,75.37294951804681,1280x720,3500,47.55
BigBuckBunny_mpeg1_1280x720_4000k.mp4,30139808,mpeg1,2.248948812484741,66.04768859019644,1280x720,4000,47.55
BigBuckBunny_mpeg1_1280x720_5000k.mp4,37320882,mpeg1,2.3272247314453125,53.33916453691624,1280x720,5000,47.55
BigBuckBunny_mpeg1_1280x720_7500k.mp4,50977069,mpeg1,2.4044618606567383,39.05019882468726,1280x720,7500,47.55
BigBuckBunny_mpeg1_1280x720_10000k.mp4,52772282,mpeg1,2.754734754562378,37.72178582309554,1280x720,10000,47.55
BigBuckBunny_mpeg1_1280x720_15000k.mp4,52772282,mpeg1,2.9241251945495605,37.72178582309554,1280x720,15000,47.55
BigBuckBunny_mpeg1_720x480_100k.mp4,2792174,mpeg1,1.872417449951172,267.3560888397356,720x480,100,35.77
BigBuckBunny_mpeg1_720x480_200k.mp4,2797882,mpeg1,1.8060321807861328,266.8106517715901,720x480,200,35.77
BigBuckBunny_mpeg1_720x480_300k.mp4,2833237,mpeg1,2.020069360733032,263.4811194823732,720x480,300,35.77
BigBuckBunny_mpeg1_720x480_400k.mp4,3251430,mpeg1,1.9649097919464111,229.5927391947543,720x480,400,38.37
BigBuckBunny_mpeg1_720x480_500k.mp4,3972600,mpeg1,1.8800370693206787,187.9133393965314,720x480,500,39.93
BigBuckBunny_mpeg1_720x480_750k.mp4,5817863,mpeg1,1.8468520641326904,128.31252987566052,720x480,750,42.48
BigBuckBunny_mpeg1_720x480_1000k.mp4,7671446,mpeg1,1.9844825267791748,97.30950627697749,720x480,1000,43.5
BigBuckBunny_mpeg1_720x480_1250k.mp4,9523367,mpeg1,2.6100003719329834,78.386637835127,720x480,1250,44.65
BigBuckBunny_mpeg1_720x480_1500k.mp4,11386538,mpeg1,1.9442174434661863,65.56028306757655,720x480,1500,46.32
BigBuckBunny_mpeg1_720x480_2000k.mp4,15122782,mpeg1,1.987060308456421,49.362922774394285,720x480,2000,46.32
BigBuckBunny_mpeg1_720x480_2500k.mp4,18705567,mpeg1,1.947459697723389,39.90815568925788,720x480,2500,46.32
BigBuckBunny_mpeg1_720x480_3000k.mp4,22020435,mpeg1,2.464519023895264,33.90054220543136,720x480,3000,47.24
BigBuckBunny_mpeg1_720x480_3500k.mp4,24543304,mpeg1,2.4110913276672363,30.41582013570789,720x480,3500,47.19
BigBuckBunny_mpeg1_720x480_4000k.mp4,25321940,mpeg1,2.601045608520508,29.4805489042092,720x480,4000,46.32
BigBuckBunny_mpeg1_720x480_5000k.mp4,26024747,mpeg1,2.099594593048096,28.68441795034549,720x480,5000,46.32
BigBuckBunny_mpeg1_720x480_7500k.mp4,26024747,mpeg1,2.274285793304444,28.68441795034549,720x480,7500,46.32
BigBuckBunny_mpeg1_720x480_10000k.mp4,26024747,mpeg1,1.9314720630645752,28.68441795034549,720x480,10000,46.32
BigBuckBunny_mpeg1_720x480_15000k.mp4,26024747,mpeg1,2.0109221935272217,28.68441795034549,720x480,15000,46.32
BigBuckBunny_mpeg1_352x288_100k.mp4,1128174,mpeg1,2.0813100337982178,194.1018724931859,352x288,100,33.32
BigBuckBunny_mpeg1_352x288_200k.mp4,1714581,mpeg1,2.189793348312378,127.71684743969516,352x288,200,37.26
BigBuckBunny_mpeg1_352x288_300k.mp4,2449723,mpeg1,1.998795509338379,89.39002107992575,352x288,300,39.69
BigBuckBunny_mpeg1_352x288_400k.mp4,3180226,mpeg1,2.088104248046875,68.85699668608562,352x288,400,40.64
BigBuckBunny_mpeg1_352x288_500k.mp4,3910888,mpeg1,2.0369136333465576,55.99260935301411,352x288,500,42.23
BigBuckBunny_mpeg1_352x288_750k.mp4,5750431,mpeg1,1.859991788864136,38.08077690176614,352x288,750,44.38
BigBuckBunny_mpeg1_352x288_1000k.mp4,7541909,mpeg1,1.9256956577301023,29.03520580797249,352x288,1000,46.26
BigBuckBunny_mpeg1_352x288_1250k.mp4,9040375,mpeg1,2.034689426422119,24.22254118634004,352x288,1250,46.21
BigBuckBunny_mpeg1_352x288_1500k.mp4,10221335,mpeg1,2.1139726638793945,21.42389996767546,352x288,1500,44.92
BigBuckBunny_mpeg1_352x288_2000k.mp4,10970346,mpeg1,1.8504009246826167,19.961162577628585,352x288,2000,44.92
BigBuckBunny_mpeg1_352x288_2500k.mp4,10984649,mpeg1,2.0522916316986084,19.93517135275134,352x288,2500,44.92
BigBuckBunny_mpeg1_352x288_3000k.mp4,10984649,mpeg1,1.8290441036224363,19.93517135275134,352x288,3000,44.92
BigBuckBunny_mpeg1_352x288_3500k.mp4,10984649,mpeg1,2.0266823768615723,19.93517135275134,352x288,3500,44.92
BigBuckBunny_mpeg1_352x288_4000k.mp4,10984649,mpeg1,1.845815896987915,19.93517135275134,352x288,4000,44.92
BigBuckBunny_mpeg1_352x288_5000k.mp4,10984649,mpeg1,1.9740962982177732,19.93517135275134,352x288,5000,44.92
BigBuckBunny_mpeg1_352x288_7500k.mp4,10984649,mpeg1,2.2082176208496094,19.93517135275134,352x288,7500,44.92
BigBuckBunny_mpeg1_352x288_10000k.mp4,10984649,mpeg1,2.0364131927490234,19.93517135275134,352x288,10000,44.92
BigBuckBunny_mpeg1_352x288_15000k.mp4,10984649,mpeg1,2.12089467048645,19.93517135275134,352x288,15000,44.92
BigBuckBunny_mpeg1_176x144_100k.mp4,913753,mpeg1,2.097365379333496,59.9195844833511,176x144,100,37.65
BigBuckBunny_mpeg1_176x144_200k.mp4,1649443,mpeg1,2.2627854347229004,33.194070244276254,176x144,200,41.15
BigBuckBunny_mpeg1_176x144_300k.mp4,2364200,mpeg1,2.0889892578125,23.158673902938038,176x144,300,44.27
BigBuckBunny_mpeg1_176x144_400k.mp4,3002215,mpeg1,1.755298376083374,18.23712159189132,176x144,400,45.21
BigBuckBunny_mpeg1_176x144_500k.mp4,3545502,mpeg1,1.9860272407531736,15.442593053792368,176x144,500,45.22
BigBuckBunny_mpeg1_176x144_750k.mp4,4184582,mpeg1,1.9379777908325195,13.084164678813798,176x144,750,45.22
BigBuckBunny_mpeg1_176x144_1000k.mp4,4190066,mpeg1,1.879145622253418,13.067036875543996,176x144,1000,45.22
BigBuckBunny_mpeg1_176x144_1250k.mp4,4190066,mpeg1,2.1412394046783447,13.067036875543996,176x144,1250,45.22
BigBuckBunny_mpeg1_176x144_1500k.mp4,4190066,mpeg1,2.2022883892059326,13.067036875543996,176x144,1500,45.22
BigBuckBunny_mpeg1_176x144_2000k.mp4,4190066,mpeg1,1.8953378200531008,13.067036875543996,176x144,2000,45.22
BigBuckBunny_mpeg1_176x144_2500k.mp4,4190066,mpeg1,1.9101533889770508,13.067036875543996,176x144,2500,45.22
BigBuckBunny_mpeg1_176x144_3000k.mp4,4190066,mpeg1,2.049423694610596,13.067036875543996,176x144,3000,45.22
BigBuckBunny_mpeg1_176x144_3500k.mp4,4190066,mpeg1,2.0784945487976074,13.067036875543996,176x144,3500,45.22
BigBuckBunny_mpeg1_176x144_4000k.mp4,4190066,mpeg1,1.851775884628296,13.067036875543996,176x144,4000,45.22
BigBuckBunny_mpeg1_176x144_5000k.mp4,4190066,mpeg1,1.880864143371582,13.067036875543996,176x144,5000,45.22
BigBuckBunny_mpeg1_176x144_7500k.mp4,4190066,mpeg1,1.794541597366333,13.067036875543996,176x144,7500,45.22
BigBuckBunny_mpeg1_176x144_10000k.mp4,4190066,mpeg1,1.8926002979278564,13.067036875543996,176x144,10000,45.22
BigBuckBunny_mpeg1_176x144_15000k.mp4,4190066,mpeg1,1.829429149627685,13.067036875543996,176x144,15000,45.22
BigBuckBunny_mpeg4_1920x1080_100k.mp4,11246445,mpeg4,2.5397870540618896,398.2577873934575,1920x1080,100,37.65
BigBuckBunny_mpeg4_1920x1080_200k.mp4,11247717,mpeg4,2.417489051818848,398.2127839809625,1920x1080,200,37.65
BigBuckBunny_mpeg4_1920x1080_300k.mp4,11270715,mpeg4,2.5273163318634038,397.4002270485945,1920x1080,300,37.65
BigBuckBunny_mpeg4_1920x1080_400k.mp4,11273451,mpeg4,3.103790044784546,397.30374511728974,1920x1080,400,37.65
BigBuckBunny_mpeg4_1920x1080_500k.mp4,11273639,mpeg4,2.880093812942505,397.2971196525701,1920x1080,500,37.65
BigBuckBunny_mpeg4_1920x1080_750k.mp4,11274427,mpeg4,2.539636611938477,397.26938672803504,1920x1080,750,37.65
BigBuckBunny_mpeg4_1920x1080_1000k.mp4,11274427,mpeg4,2.55812406539917,397.26938672803504,1920x1080,1000,37.65
BigBuckBunny_mpeg4_1920x1080_1250k.mp4,11278010,mpeg4,2.4406421184539795,397.1431750814195,1920x1080,1250,37.65
BigBuckBunny_mpeg4_1920x1080_1500k.mp4,11287428,mpeg4,2.824674606323242,396.8118069058779,1920x1080,1500,37.65
BigBuckBunny_mpeg4_1920x1080_2000k.mp4,15115965,mpeg4,2.916795492172241,296.30820154001407,1920x1080,2000,43.68
BigBuckBunny_mpeg4_1920x1080_2500k.mp4,18886300,mpeg4,3.1181328296661377,237.15521107071208,1920x1080,2500,44.53
BigBuckBunny_mpeg4_1920x1080_3000k.mp4,22678591,mpeg4,3.203721761703491,197.49835880463831,1920x1080,3000,46.94
BigBuckBunny_mpeg4_1920x1080_3500k.mp4,26453227,mpeg4,3.078860282897949,169.31713210954825,1920x1080,3500,46.94
BigBuckBunny_mpeg4_1920x1080_4000k.mp4,30186575,mpeg4,2.8178181648254395,148.37670559257865,1920x1080,4000,46.94
BigBuckBunny_mpeg4_1920x1080_5000k.mp4,37695067,mpeg4,3.3118906021118164,118.82150786467628,1920x1080,5000,48.73
BigBuckBunny_mpeg4_1920x1080_7500k.mp4,55498397,mpeg4,3.356426477432251,80.70475655891906,1920x1080,7500,48.73
BigBuckBunny_mpeg4_1920x1080_10000k.mp4,72122621,mpeg4,3.927602052688599,62.10235534698115,1920x1080,10000,48.73
BigBuckBunny_mpeg4_1920x1080_15000k.mp4,77816264,mpeg4,4.251149415969849,57.55846415913177,1920x1080,15000,48.73
BigBuckBunny_mpeg4_1280x720_100k.mp4,5265611,mpeg4,2.549668788909912,378.0500912429725,1280x720,100,36.26
BigBuckBunny_mpeg4_1280x720_200k.mp4,5278483,mpeg4,2.79724383354187,377.1281146253356,1280x720,200,36.26
BigBuckBunny_mpeg4_1280x720_300k.mp4,5278592,mpeg4,2.549475908279419,377.12039858356167,1280x720,300,36.26
BigBuckBunny_mpeg4_1280x720_400k.mp4,5282870,mpeg4,2.827214241027832,376.81494002030337,1280x720,400,36.26
BigBuckBunny_mpeg4_1280x720_500k.mp4,5295634,mpeg4,2.5917787551879883,375.90677886727065,1280x720,500,36.26
BigBuckBunny_mpeg4_1280x720_750k.mp4,5797046,mpeg4,2.7187368869781494,343.3928893452132,1280x720,750,39.83
BigBuckBunny_mpeg4_1280x720_1000k.mp4,7671452,mpeg4,2.6912717819213867,259.4899191848011,1280x720,1000,41.9
BigBuckBunny_mpeg4_1280x720_1250k.mp4,9544985,mpeg4,2.558629035949707,208.556086677978,1280x720,1250,43.55
BigBuckBunny_mpeg4_1280x720_1500k.mp4,11412881,mpeg4,2.5376996994018555,174.42261463844102,1280x720,1500,44.83
BigBuckBunny_mpeg4_1280x720_2000k.mp4,15185898,mpeg4,2.673640251159668,131.08639264623056,1280x720,2000,46.1
BigBuckBunny_mpeg4_1280x720_2500k.mp4,18937931,mpeg4,3.2245748043060303,105.11521104838693,1280x720,2500,48.05
BigBuckBunny_mpeg4_1280x720_3000k.mp4,22680671,mpeg4,3.124077081680298,87.7692163075775,1280x720,3000,48.05
BigBuckBunny_mpeg4_1280x720_3500k.mp4,26347007,mpeg4,3.0486769676208496,75.55562737901776,1280x720,3500,48.05
BigBuckBunny_mpeg4_1280x720_4000k.mp4,29721776,mpeg4,3.024543046951294,66.97664093155133,1280x720,4000,48.05
BigBuckBunny_mpeg4_1280x720_5000k.mp4,36346026,mpeg4,3.4995481967926025,54.76980396701416,1280x720,5000,48.05
BigBuckBunny_mpeg4_1280x720_7500k.mp4,41314492,mpeg4,2.9827396869659424,48.18320697250737,1280x720,7500,48.05
BigBuckBunny_mpeg4_1280x720_10000k.mp4,41482792,mpeg4,2.98125958442688,47.98772269233951,1280x720,10000,48.05
BigBuckBunny_mpeg4_1280x720_15000k.mp4,41482792,mpeg4,2.962432861328125,47.98772269233951,1280x720,15000,48.05
BigBuckBunny_mpeg4_720x480_100k.mp4,2246458,mpeg4,2.0868735313415527,332.30284639069754,720x480,100,34.41
BigBuckBunny_mpeg4_720x480_200k.mp4,2257546,mpeg4,2.5604350566864014,330.6707324365783,720x480,200,34.41
BigBuckBunny_mpeg4_720x480_300k.mp4,2492830,mpeg4,2.246002435684204,299.4607414063534,720x480,300,36.19
BigBuckBunny_mpeg4_720x480_400k.mp4,3231751,mpeg4,2.1406261920928955,230.99071958491865,720x480,400,38.71
BigBuckBunny_mpeg4_720x480_500k.mp4,3977460,mpeg4,2.147830009460449,187.683730902704,720x480,500,40.52
BigBuckBunny_mpeg4_720x480_750k.mp4,5826719,mpeg4,2.0893850326538086,128.11748633879782,720x480,750,43.59
BigBuckBunny_mpeg4_720x480_1000k.mp4,7697228,mpeg4,2.36358904838562,96.9835790235134,720x480,1000,45.02
BigBuckBunny_mpeg4_720x480_1250k.mp4,9571305,mpeg4,2.697699785232544,77.99402923697143,720x480,1250,47.19
BigBuckBunny_mpeg4_720x480_1500k.mp4,11437709,mpeg4,2.112902402877808,65.26697389599842,720x480,1500,47.19
BigBuckBunny_mpeg4_720x480_2000k.mp4,14932174,mpeg4,2.2699780464172363,49.99303651296857,720x480,2000,46.41
BigBuckBunny_mpeg4_720x480_2500k.mp4,17923429,mpeg4,2.4297738075256348,41.64965978329258,720x480,2500,46.31
BigBuckBunny_mpeg4_720x480_3000k.mp4,19813926,mpeg4,3.874046087265015,37.67575806653573,720x480,3000,47.19
BigBuckBunny_mpeg4_720x480_3500k.mp4,20442868,mpeg4,3.003026962280273,36.51663357607161,720x480,3500,47.19
BigBuckBunny_mpeg4_720x480_4000k.mp4,20853268,mpeg4,2.516249418258667,35.79797105192476,720x480,4000,47.19
BigBuckBunny_mpeg4_720x480_5000k.mp4,20860148,mpeg4,2.399665594100952,35.78616432701416,720x480,5000,47.19
BigBuckBunny_mpeg4_720x480_7500k.mp4,20860148,mpeg4,2.70328950881958,35.78616432701416,720x480,7500,47.19
BigBuckBunny_mpeg4_720x480_10000k.mp4,20860148,mpeg4,2.698594808578491,35.78616432701416,720x480,10000,47.19
BigBuckBunny_mpeg4_720x480_15000k.mp4,20860148,mpeg4,2.634037971496582,35.78616432701416,720x480,15000,47.19
BigBuckBunny_mpeg4_352x288_100k.mp4,989732,mpeg4,2.231203556060791,221.25270275185605,352x288,100,33.7
BigBuckBunny_mpeg4_352x288_200k.mp4,1742316,mpeg4,2.421168327331543,125.68371886401845,352x288,200,38.24
BigBuckBunny_mpeg4_352x288_300k.mp4,2478243,mpeg4,2.0060930252075195,88.36134309670197,352x288,300,40.67
BigBuckBunny_mpeg4_352x288_400k.mp4,3220345,mpeg4,1.9845232963562007,67.99919884360216,352x288,400,43.48
BigBuckBunny_mpeg4_352x288_500k.mp4,3934760,mpeg4,2.024937629699707,55.652904966781975,352x288,500,43.2
BigBuckBunny_mpeg4_352x288_750k.mp4,5720932,mpeg4,2.1318888664245605,38.27712717488564,352x288,750,45.27
BigBuckBunny_mpeg4_352x288_1000k.mp4,7185396,mpeg4,2.078070163726806,30.47582200398948,352x288,1000,45.27
BigBuckBunny_mpeg4_352x288_1250k.mp4,8354090,mpeg4,2.0758070945739746,26.212412577263045,352x288,1250,46.29
BigBuckBunny_mpeg4_352x288_1500k.mp4,8835730,mpeg4,2.1096508502960205,24.783564006595945,352x288,1500,46.29
BigBuckBunny_mpeg4_352x288_2000k.mp4,9020934,mpeg4,2.083085060119629,24.274743139153536,352x288,2000,46.29
BigBuckBunny_mpeg4_352x288_2500k.mp4,9020934,mpeg4,2.0308961868286133,24.274743139153536,352x288,2500,46.29
BigBuckBunny_mpeg4_352x288_3000k.mp4,9020934,mpeg4,2.0904932022094727,24.274743139153536,352x288,3000,46.29
BigBuckBunny_mpeg4_352x288_3500k.mp4,9020934,mpeg4,2.019698143005371,24.274743139153536,352x288,3500,46.29
BigBuckBunny_mpeg4_352x288_4000k.mp4,9020934,mpeg4,2.069019317626953,24.274743139153536,352x288,4000,46.29
BigBuckBunny_mpeg4_352x288_5000k.mp4,9020934,mpeg4,2.028512477874756,24.274743139153536,352x288,5000,46.29
BigBuckBunny_mpeg4_352x288_7500k.mp4,9020934,mpeg4,2.0541701316833496,24.274743139153536,352x288,7500,46.29
BigBuckBunny_mpeg4_352x288_10000k.mp4,9020934,mpeg4,2.094666719436645,24.274743139153536,352x288,10000,46.29
BigBuckBunny_mpeg4_352x288_15000k.mp4,9020934,mpeg4,2.2440338134765625,24.274743139153536,352x288,15000,46.29
BigBuckBunny_mpeg4_176x144_100k.mp4,958528,mpeg4,2.052478075027466,57.12060876614062,176x144,100,38.57
BigBuckBunny_mpeg4_176x144_200k.mp4,1674058,mpeg4,2.0609447956085205,32.70599184377612,176x144,200,42.58
BigBuckBunny_mpeg4_176x144_300k.mp4,2306545,mpeg4,2.5043282508850098,23.737553900941062,176x144,300,44.11
BigBuckBunny_mpeg4_176x144_400k.mp4,2855244,mpeg4,1.943061113357544,19.175853560727717,176x144,400,44.11
BigBuckBunny_mpeg4_176x144_500k.mp4,3280494,mpeg4,1.9780504703521729,16.690096064799995,176x144,500,44.11
BigBuckBunny_mpeg4_176x144_750k.mp4,3502030,mpeg4,2.079963207244873,15.634292110575863,176x144,750,44.11
BigBuckBunny_mpeg4_176x144_1000k.mp4,3502030,mpeg4,2.052820920944214,15.634292110575863,176x144,1000,44.11
BigBuckBunny_mpeg4_176x144_1250k.mp4,3502030,mpeg4,2.304883480072021,15.634292110575863,176x144,1250,44.11
BigBuckBunny_mpeg4_176x144_1500k.mp4,3502030,mpeg4,1.9150278568267824,15.634292110575863,176x144,1500,44.11
BigBuckBunny_mpeg4_176x144_2000k.mp4,3502030,mpeg4,1.9649901390075684,15.634292110575863,176x144,2000,44.11
BigBuckBunny_mpeg4_176x144_2500k.mp4,3502030,mpeg4,1.8765738010406492,15.634292110575863,176x144,2500,44.11
BigBuckBunny_mpeg4_176x144_3000k.mp4,3502030,mpeg4,1.910665512084961,15.634292110575863,176x144,3000,44.11
BigBuckBunny_mpeg4_176x144_3500k.mp4,3502030,mpeg4,1.9358000755310056,15.634292110575863,176x144,3500,44.11
BigBuckBunny_mpeg4_176x144_4000k.mp4,3502030,mpeg4,2.189093828201294,15.634292110575863,176x144,4000,44.11
BigBuckBunny_mpeg4_176x144_5000k.mp4,3502030,mpeg4,1.979827642440796,15.634292110575863,176x144,5000,44.11
BigBuckBunny_mpeg4_176x144_7500k.mp4,3502030,mpeg4,2.4834649562835693,15.634292110575863,176x144,7500,44.11
BigBuckBunny_mpeg4_176x144_10000k.mp4,3502030,mpeg4,2.073994398117065,15.634292110575863,176x144,10000,44.11
BigBuckBunny_mpeg4_176x144_15000k.mp4,3502030,mpeg4,2.003633975982666,15.634292110575863,176x144,15000,44.11
BigBuckBunny_h264_1920x1080_100k.mp4,670226,h264,6.528515577316284,6682.797593647516,1920x1080,100,30.0
BigBuckBunny_h264_1920x1080_200k.mp4,1346796,h264,7.802652359008789,3325.6568733075587,1920x1080,200,35.3
BigBuckBunny_h264_1920x1080_300k.mp4,2042136,h264,8.436638355255127,2193.284237680546,1920x1080,300,37.25
BigBuckBunny_h264_1920x1080_400k.mp4,2744508,h264,8.425450801849365,1631.9809233567546,1920x1080,400,38.7
BigBuckBunny_h264_1920x1080_500k.mp4,3456224,h264,9.410726547241213,1295.918522642051,1920x1080,500,39.85
BigBuckBunny_h264_1920x1080_750k.mp4,5249226,h264,10.299676179885864,853.2657386060345,1920x1080,750,41.53
BigBuckBunny_h264_1920x1080_1000k.mp4,7049277,h264,10.70854663848877,635.3821391895934,1920x1080,1000,42.68
BigBuckBunny_h264_1920x1080_1250k.mp4,8844430,h264,9.536280870437622,506.4186951561604,1920x1080,1250,43.5
BigBuckBunny_h264_1920x1080_1500k.mp4,10634317,h264,10.830910205841064,421.1821294040671,1920x1080,1500,44.16
BigBuckBunny_h264_1920x1080_2000k.mp4,14220369,h264,11.84772562980652,314.9696537410527,1920x1080,2000,45.19
BigBuckBunny_h264_1920x1080_2500k.mp4,17821516,h264,15.902297973632812,251.32454773631224,1920x1080,2500,45.96
BigBuckBunny_h264_1920x1080_3000k.mp4,21413463,h264,16.844868183135986,209.16676111659285,1920x1080,3000,46.6
BigBuckBunny_h264_1920x1080_3500k.mp4,25037013,h264,19.14492917060852,178.8945239236596,1920x1080,3500,47.08
BigBuckBunny_h264_1920x1080_4000k.mp4,28656106,h264,20.66252613067627,156.30122751844834,1920x1080,4000,47.52
BigBuckBunny_h264_1920x1080_5000k.mp4,35912257,h264,13.974305868148804,124.7202229589747,1920x1080,5000,48.22
BigBuckBunny_h264_1920x1080_7500k.mp4,54243698,h264,16.95281219482422,82.57152042673196,1920x1080,7500,49.41
BigBuckBunny_h264_1920x1080_10000k.mp4,73000679,h264,18.85633111000061,61.35538326492301,1920x1080,10000,50.08
BigBuckBunny_h264_1920x1080_15000k.mp4,110737047,h264,22.449089527130127,40.447030342067904,1920x1080,15000,50.87
BigBuckBunny_h264_1280x720_100k.mp4,682647,h264,4.866010427474976,2916.092508877196,1280x720,100,33.77
BigBuckBunny_h264_1280x720_200k.mp4,1372729,h264,4.941740989685059,1450.1512818626254,1280x720,200,37.31
BigBuckBunny_h264_1280x720_300k.mp4,2078368,h264,5.287401437759399,957.8018517413662,1280x720,300,39.25
BigBuckBunny_h264_1280x720_400k.mp4,2786212,h264,5.699448585510254,714.4699394733782,1280x720,400,40.56
BigBuckBunny_h264_1280x720_500k.mp4,3495669,h264,5.277544975280762,569.4658589054459,1280x720,500,41.47
BigBuckBunny_h264_1280x720_750k.mp4,5262251,h264,5.582484006881714,378.2914081271669,1280x720,750,43.14
BigBuckBunny_h264_1280x720_1000k.mp4,7038270,h264,6.903605222702026,282.83433800716114,1280x720,1000,44.3
BigBuckBunny_h264_1280x720_1250k.mp4,8819568,h264,7.384140491485596,225.7099773242888,1280x720,1250,45.08
BigBuckBunny_h264_1280x720_1500k.mp4,10596675,h264,6.352065563201904,187.85746766250097,1280x720,1500,45.79
BigBuckBunny_h264_1280x720_2000k.mp4,14170702,h264,11.939577102661133,140.477485061962,1280x720,2000,46.91
BigBuckBunny_h264_1280x720_2500k.mp4,17764875,h264,14.545690298080444,112.05621874626192,1280x720,2500,47.71
BigBuckBunny_h264_1280x720_3000k.mp4,21389286,h264,18.24465560913086,93.06831088237354,1280x720,3000,48.33
BigBuckBunny_h264_1280x720_3500k.mp4,25050483,h264,17.34871220588684,79.4661180598347,1280x720,3500,48.83
BigBuckBunny_h264_1280x720_4000k.mp4,28759263,h264,14.726162910461426,69.21821045970475,1280x720,4000,49.23
BigBuckBunny_h264_1280x720_5000k.mp4,36248486,h264,18.481648683547974,54.917180929510245,1280x720,5000,49.81
BigBuckBunny_h264_1280x720_7500k.mp4,54986956,h264,18.24680066108704,36.202489895967325,1280x720,7500,50.74
BigBuckBunny_h264_1280x720_10000k.mp4,73604500,h264,22.063488960266117,27.04542102662988,1280x720,10000,51.46
BigBuckBunny_h264_1280x720_15000k.mp4,110728904,h264,23.15708923339844,17.97782373968047,1280x720,15000,52.63
BigBuckBunny_h264_720x480_100k.mp4,694554,h264,3.576099395751953,1074.7972367879242,720x480,100,35.93
BigBuckBunny_h264_720x480_200k.mp4,1392569,h264,4.028827905654907,536.0626180371544,720x480,200,39.21
BigBuckBunny_h264_720x480_300k.mp4,2089634,h264,4.4618821144104,357.24185192239406,720x480,300,40.92
BigBuckBunny_h264_720x480_400k.mp4,2788134,h264,4.232136011123657,267.743391191603,720x480,400,42.18
BigBuckBunny_h264_720x480_500k.mp4,3490923,h264,4.45084285736084,213.8416458913588,720x480,500,43.17
BigBuckBunny_h264_720x480_750k.mp4,5248791,h264,4.984273672103882,142.2241003263227,720x480,750,44.86
BigBuckBunny_h264_720x480_1000k.mp4,7019541,h264,5.440240859985352,106.34665713897816,720x480,1000,46.1
BigBuckBunny_h264_720x480_1250k.mp4,8802419,h264,5.836214303970337,84.80676959367646,720x480,1250,47.04
BigBuckBunny_h264_720x480_1500k.mp4,10604476,h264,6.151567935943604,70.39524819519606,720x480,1500,47.8
BigBuckBunny_h264_720x480_2000k.mp4,14259332,h264,6.552574872970581,52.35201200168423,720x480,2000,48.92
BigBuckBunny_h264_720x480_2500k.mp4,17948486,h264,6.796881675720215,41.591512421074825,720x480,2500,49.7
BigBuckBunny_h264_720x480_3000k.mp4,21643544,h264,7.193835496902466,34.49087106571498,720x480,3000,50.32
BigBuckBunny_h264_720x480_3500k.mp4,25335430,h264,7.628220319747925,29.46485181167828,720x480,3500,50.84
BigBuckBunny_h264_720x480_4000k.mp4,29014205,h264,8.47740626335144,25.728938437950017,720x480,4000,51.29
BigBuckBunny_h264_720x480_5000k.mp4,36370467,h264,9.638262271881104,20.525024328117645,720x480,5000,52.15
BigBuckBunny_h264_720x480_7500k.mp4,54696133,h264,10.17261838912964,13.648217257914428,720x480,7500,53.98
BigBuckBunny_h264_720x480_10000k.mp4,72973213,h264,11.029605388641356,10.229845707494809,720x480,10000,56.03
BigBuckBunny_h264_720x480_15000k.mp4,109550242,h264,13.881944179534912,6.814268043202789,720x480,15000,60.81
BigBuckBunny_h264_352x288_100k.mp4,702640,h264,2.6605489253997803,311.6544460890356,352x288,100,38.05
BigBuckBunny_h264_352x288_200k.mp4,1396041,h264,2.756917953491211,156.8584876805194,352x288,200,41.29
BigBuckBunny_h264_352x288_300k.mp4,2091196,h264,2.625494956970215,104.7156172831241,352x288,300,43.34
BigBuckBunny_h264_352x288_400k.mp4,2788596,h264,3.4127767086029053,78.5272594067913,352x288,400,44.79
BigBuckBunny_h264_352x288_500k.mp4,3490467,h264,3.503548383712769,62.73682497590581,352x288,500,45.97
BigBuckBunny_h264_352x288_750k.mp4,5270422,h264,2.9660415649414062,41.549014187286296,352x288,750,48.07
BigBuckBunny_h264_352x288_1000k.mp4,7071864,h264,3.133925437927246,30.96508205402677,352x288,1000,49.48
BigBuckBunny_h264_352x288_1250k.mp4,8880149,h264,3.308427095413208,24.659592461839047,352x288,1250,50.57
BigBuckBunny_h264_352x288_1500k.mp4,10684865,h264,3.399672031402588,20.494490057245454,352x288,1500,51.54
BigBuckBunny_h264_352x288_2000k.mp4,14276590,h264,4.016700506210327,15.338457198920947,352x288,2000,53.1
BigBuckBunny_h264_352x288_2500k.mp4,17835127,h264,4.147242307662964,12.278066072752605,352x288,2500,54.76
BigBuckBunny_h264_352x288_3000k.mp4,21419574,h264,3.9327023029327393,10.223400334665852,352x288,3000,56.38
BigBuckBunny_h264_352x288_3500k.mp4,25039059,h264,4.839725017547607,8.745571119682609,352x288,3500,58.07
BigBuckBunny_h264_352x288_4000k.mp4,28659863,h264,4.300611734390259,7.640681324959578,352x288,4000,59.98
BigBuckBunny_h264_352x288_5000k.mp4,34078188,h264,4.653417110443115,6.425836960580181,352x288,5000,60.78
BigBuckBunny_h264_352x288_7500k.mp4,34752875,h264,4.66949725151062,6.301086563310617,352x288,7500,60.78
BigBuckBunny_h264_352x288_10000k.mp4,34852120,h264,4.83414888381958,6.283143571089978,352x288,10000,60.78
BigBuckBunny_h264_352x288_15000k.mp4,34899343,h264,4.868860960006714,6.274641903717213,352x288,15000,60.78
BigBuckBunny_h264_176x144_100k.mp4,705910,h264,2.110382080078125,77.56184561509879,176x144,100,40.99
BigBuckBunny_h264_176x144_200k.mp4,1399315,h264,2.1143107414245605,39.127516586675206,176x144,200,45.14
BigBuckBunny_h264_176x144_300k.mp4,2110766,h264,2.007063388824463,25.93927231191316,176x144,300,47.67
BigBuckBunny_h264_176x144_400k.mp4,2834896,h264,1.8700628280639648,19.313498625699143,176x144,400,49.23
BigBuckBunny_h264_176x144_500k.mp4,3558568,h264,1.9034295082092283,15.3858967989371,176x144,500,50.75
BigBuckBunny_h264_176x144_750k.mp4,5348036,h264,1.9428610801696775,10.23773213194526,176x144,750,53.85
BigBuckBunny_h264_176x144_1000k.mp4,7016018,h264,2.0097856521606445,7.803822624172287,176x144,1000,58.07
BigBuckBunny_h264_176x144_1250k.mp4,8507251,h264,1.9789109230041504,6.435892577297581,176x144,1250,59.58
BigBuckBunny_h264_176x144_1500k.mp4,9058620,h264,1.9945287704467771,6.0441605847070985,176x144,1500,59.58
BigBuckBunny_h264_176x144_2000k.mp4,9142293,h264,1.9801466464996336,5.988842625275451,176x144,2000,59.58
BigBuckBunny_h264_176x144_2500k.mp4,9167565,h264,2.003175735473633,5.972333332533412,176x144,2500,59.58
BigBuckBunny_h264_176x144_3000k.mp4,9179848,h264,2.025251865386963,5.964342764716801,176x144,3000,59.58
BigBuckBunny_h264_176x144_3500k.mp4,9185825,h264,2.067012310028076,5.960461258464944,176x144,3500,59.58
BigBuckBunny_h264_176x144_4000k.mp4,9190653,h264,2.0215611457824707,5.95733077943428,176x144,4000,59.58
BigBuckBunny_h264_176x144_5000k.mp4,9193988,h264,2.1553776264190674,5.955169187172184,176x144,5000,59.58
BigBuckBunny_h264_176x144_7500k.mp4,9200571,h264,2.159684181213379,5.9509082696162805,176x144,7500,59.58
BigBuckBunny_h264_176x144_10000k.mp4,9200306,h264,2.064709186553955,5.951079675928206,176x144,10000,59.58
BigBuckBunny_h264_176x144_15000k.mp4,9200306,h264,2.064406633377075,5.951079675928206,176x144,15000,59.58
BigBuckBunny_h265_1920x1080_100k.mp4,761194,h265,24.15708541870117,5884.148871182812,1920x1080,100,26.59
BigBuckBunny_h265_1920x1080_200k.mp4,1287040,h265,21.79736971855164,3480.06643150174,1920x1080,200,38.18
BigBuckBunny_h265_1920x1080_300k.mp4,2061175,h265,35.301382064819336,2173.024949361408,1920x1080,300,40.07
BigBuckBunny_h265_1920x1080_400k.mp4,2782215,h265,47.34453535079956,1609.862897008319,1920x1080,400,41.22
BigBuckBunny_h265_1920x1080_500k.mp4,3487227,h265,26.46325182914734,1284.3972302347968,1920x1080,500,42.12
BigBuckBunny_h265_1920x1080_750k.mp4,5249681,h265,29.10799670219421,853.1917844150911,1920x1080,750,43.76
BigBuckBunny_h265_1920x1080_1000k.mp4,7012487,h265,38.6802191734314,638.7154887109967,1920x1080,1000,44.84
BigBuckBunny_h265_1920x1080_1250k.mp4,8776630,h265,59.06196522712708,510.3307521986512,1920x1080,1250,45.69
BigBuckBunny_h265_1920x1080_1500k.mp4,10541390,h265,31.92187452316284,424.8950351998138,1920x1080,1500,46.34
BigBuckBunny_h265_1920x1080_2000k.mp4,14078941,h265,37.449240922927856,318.1336366137197,1920x1080,2000,47.39
BigBuckBunny_h265_1920x1080_2500k.mp4,17621156,h265,53.74778866767883,254.1822140282843,1920x1080,2500,48.16
BigBuckBunny_h265_1920x1080_3000k.mp4,21186932,h265,58.69248843193054,211.40316533780515,1920x1080,3000,48.73
BigBuckBunny_h265_1920x1080_3500k.mp4,24756128,h265,75.86369276046753,180.92428266649776,1920x1080,3500,49.21
BigBuckBunny_h265_1920x1080_4000k.mp4,28345162,h265,62.82845163345337,158.01584411477344,1920x1080,4000,49.6
BigBuckBunny_h265_1920x1080_5000k.mp4,35561272,h265,78.40751957893372,125.9511948841425,1920x1080,5000,50.23
BigBuckBunny_h265_1920x1080_7500k.mp4,53899354,h265,83.12938237190247,83.09904233731632,1920x1080,7500,51.24
BigBuckBunny_h265_1920x1080_10000k.mp4,72457191,h265,74.66685104370117,61.81559865030376,1920x1080,10000,51.85
BigBuckBunny_h265_1920x1080_15000k.mp4,109821697,h265,63.89466452598572,40.78415086971247,1920x1080,15000,52.58
BigBuckBunny_h265_1280x720_100k.mp4,649667,h265,15.155104875564575,3064.1308839759445,1280x720,100,35.97
BigBuckBunny_h265_1280x720_200k.mp4,1380777,h265,20.17713141441345,1441.6978826429738,1280x720,200,39.57
BigBuckBunny_h265_1280x720_300k.mp4,2073397,h265,22.899544954299927,960.0977328038322,1280x720,300,41.4
BigBuckBunny_h265_1280x720_400k.mp4,2764238,h265,15.734504699707031,720.1492776131153,1280x720,400,42.65
BigBuckBunny_h265_1280x720_500k.mp4,3458696,h265,17.062617301940918,575.5535378073123,1280x720,500,43.58
BigBuckBunny_h265_1280x720_750k.mp4,5193858,h265,22.79664182662964,383.2728424612301,1280x720,750,45.21
BigBuckBunny_h265_1280x720_1000k.mp4,6936603,h265,31.185434818267822,286.9797265347712,1280x720,1000,46.35
BigBuckBunny_h265_1280x720_1250k.mp4,8681469,h265,29.956318140029907,229.3004202053339,1280x720,1250,47.26
BigBuckBunny_h265_1280x720_1500k.mp4,10430211,h265,21.71246647834778,190.855633519242,1280x720,1500,47.94
BigBuckBunny_h265_1280x720_2000k.mp4,13980192,h265,23.761733055114743,142.39179094308642,1280x720,2000,48.94
BigBuckBunny_h265_1280x720_2500k.mp4,17551051,h265,24.862847328186035,113.42139029614864,1280x720,2500,49.69
BigBuckBunny_h265_1280x720_3000k.mp4,21167873,h265,49.52148127555847,94.0417924370578,1280x720,3000,50.26
BigBuckBunny_h265_1280x720_3500k.mp4,24815728,h265,37.40590310096741,80.2178617843546,1280x720,3500,50.73
BigBuckBunny_h265_1280x720_4000k.mp4,28475936,h265,41.47891616821289,69.90691083868147,1280x720,4000,51.1
BigBuckBunny_h265_1280x720_5000k.mp4,35876890,h265,30.89786648750305,55.48598731701696,1280x720,5000,51.67
BigBuckBunny_h265_1280x720_7500k.mp4,54490533,h265,52.42293357849121,36.53230404261232,1280x720,7500,52.61
BigBuckBunny_h265_1280x720_10000k.mp4,72618213,h265,56.31089019775391,27.412746876424144,1280x720,10000,53.48
BigBuckBunny_h265_1280x720_15000k.mp4,109033587,h265,82.02081823348999,18.257353296099485,1280x720,15000,55.38
BigBuckBunny_h265_720x480_100k.mp4,698898,h265,7.347731113433838,1068.1153070758437,720x480,100,37.73
BigBuckBunny_h265_720x480_200k.mp4,1380062,h265,9.28940486907959,540.9211470209309,720x480,200,41.12
BigBuckBunny_h265_720x480_300k.mp4,2062667,h265,15.69058084487915,361.91220303025017,720x480,300,43.0
BigBuckBunny_h265_720x480_400k.mp4,2750399,h265,12.955018997192385,271.4168816960739,720x480,400,44.32
BigBuckBunny_h265_720x480_500k.mp4,3440095,h265,15.114218473434448,217.0011932809995,720x480,500,45.31
BigBuckBunny_h265_720x480_750k.mp4,5176830,h265,19.9177348613739,144.201099089385,720x480,750,47.04
BigBuckBunny_h265_720x480_1000k.mp4,6927749,h265,21.678035497665405,107.7557399957764,720x480,1000,48.24
BigBuckBunny_h265_720x480_1250k.mp4,8693937,h265,24.124367237091064,85.86496936141022,720x480,1250,49.11
BigBuckBunny_h265_720x480_1500k.mp4,10483094,h265,19.48791527748108,71.21034305330086,720x480,1500,49.83
BigBuckBunny_h265_720x480_2000k.mp4,14070458,h265,16.621687650680542,53.0547525137595,720x480,2000,50.97
BigBuckBunny_h265_720x480_2500k.mp4,17679096,h265,18.056256771087646,42.22527428861327,720x480,2500,51.81
BigBuckBunny_h265_720x480_3000k.mp4,21400580,h265,19.805978298187256,34.88245108859428,720x480,3000,52.39
BigBuckBunny_h265_720x480_3500k.mp4,25028221,h265,21.29801750183105,29.8265194318046,720x480,3500,52.98
BigBuckBunny_h265_720x480_4000k.mp4,28614327,h265,21.553431749343872,26.08849475998509,720x480,4000,53.53
BigBuckBunny_h265_720x480_5000k.mp4,35654544,h265,23.793439388275143,20.937154575945367,720x480,5000,54.69
BigBuckBunny_h265_720x480_7500k.mp4,53860682,h265,29.53899598121643,13.85991956061752,720x480,7500,57.66
BigBuckBunny_h265_720x480_10000k.mp4,72376546,h265,35.03674030303955,10.314179812971735,720x480,10000,59.83
BigBuckBunny_h265_720x480_15000k.mp4,94062058,h265,40.69653964042664,7.936300096687232,720x480,15000,61.28
BigBuckBunny_h265_352x288_100k.mp4,699035,h265,6.176432847976685,313.2616821761428,352x288,100,39.6
BigBuckBunny_h265_352x288_200k.mp4,1378751,h265,6.066398143768311,158.8254305342803,352x288,200,43.0
BigBuckBunny_h265_352x288_300k.mp4,2062833,h265,6.760889530181885,106.15540860554393,352x288,300,45.15
BigBuckBunny_h265_352x288_400k.mp4,2751956,h265,7.333153247833252,79.57278402242477,352x288,400,46.55
BigBuckBunny_h265_352x288_500k.mp4,3444761,h265,7.897362947463989,63.56925197422985,352x288,500,47.76
BigBuckBunny_h265_352x288_750k.mp4,5190518,h265,8.981422424316406,42.18862892130826,352x288,750,49.9
BigBuckBunny_h265_352x288_1000k.mp4,6957174,h265,9.86398458480835,31.47555027371746,352x288,1000,51.41
BigBuckBunny_h265_352x288_1250k.mp4,8718936,h265,10.857616186141968,25.115550796565085,352x288,1250,52.64
BigBuckBunny_h265_352x288_1500k.mp4,10452323,h265,11.777696132659912,20.950450918900994,352x288,1500,53.81
BigBuckBunny_h265_352x288_2000k.mp4,13817766,h265,13.345762968063354,15.84777627238902,352x288,2000,56.35
BigBuckBunny_h265_352x288_2500k.mp4,17364322,h265,15.16698718070984,12.61096632508888,352x288,2500,58.68
BigBuckBunny_h265_352x288_3000k.mp4,20809494,h265,16.981844186782837,10.52312321851155,352x288,3000,60.45
BigBuckBunny_h265_352x288_3500k.mp4,23313910,h265,18.47705674171448,9.39271362032366,352x288,3500,60.69
BigBuckBunny_h265_352x288_4000k.mp4,24660287,h265,18.93707251548767,8.879899537264123,352x288,4000,60.69
BigBuckBunny_h265_352x288_5000k.mp4,25849158,h265,19.285499572753903,8.471489536661522,352x288,5000,60.69
BigBuckBunny_h265_352x288_7500k.mp4,26153592,h265,19.47494864463806,8.372879717631138,352x288,7500,60.69
BigBuckBunny_h265_352x288_10000k.mp4,26163565,h265,19.444416046142575,8.369688152207086,352x288,10000,60.69
BigBuckBunny_h265_352x288_15000k.mp4,26193699,h265,19.6264922618866,8.360059417343079,352x288,15000,60.69
BigBuckBunny_h265_176x144_100k.mp4,701690,h265,3.040908098220825,78.02841710726959,176x144,100,42.54
BigBuckBunny_h265_176x144_200k.mp4,1378503,h265,3.691987991333008,39.71824528619431,176x144,200,46.86
BigBuckBunny_h265_176x144_300k.mp4,2059777,h265,4.120536804199219,26.581401773104563,176x144,300,49.69
BigBuckBunny_h265_176x144_400k.mp4,2743464,h265,4.5236804485321045,19.957156369773266,176x144,400,51.84
BigBuckBunny_h265_176x144_500k.mp4,3413599,h265,4.908015251159668,16.039306315709606,176x144,500,53.69
BigBuckBunny_h265_176x144_750k.mp4,5033198,h265,5.859563589096069,10.87812559728427,176x144,750,58.96
BigBuckBunny_h265_176x144_1000k.mp4,6405524,h265,6.746944427490234,8.54758353140453,176x144,1000,60.09
BigBuckBunny_h265_176x144_1250k.mp4,7044436,h265,7.1201605796813965,7.772341178200781,176x144,1250,60.09
BigBuckBunny_h265_176x144_1500k.mp4,7365164,h265,7.340205669403076,7.433881988235428,176x144,1500,60.09
BigBuckBunny_h265_176x144_2000k.mp4,7475657,h265,7.394304990768433,7.324005458783695,176x144,2000,60.09
BigBuckBunny_h265_176x144_2500k.mp4,7503307,h265,7.41192889213562,7.297017168563141,176x144,2500,60.09
BigBuckBunny_h265_176x144_3000k.mp4,7511006,h265,7.437575578689575,7.289537513350409,176x144,3000,60.09
BigBuckBunny_h265_176x144_3500k.mp4,7512824,h265,8.43898630142212,7.287772575562455,176x144,3500,60.09
BigBuckBunny_h265_176x144_4000k.mp4,7519835,h265,8.056665420532227,7.280978904457345,176x144,4000,60.09
BigBuckBunny_h265_176x144_5000k.mp4,7521053,h265,7.792145013809204,7.279798815431986,176x144,5000,60.09
BigBuckBunny_h265_176x144_7500k.mp4,7529884,h265,7.75397515296936,7.271261114877585,176x144,7500,60.09
BigBuckBunny_h265_176x144_10000k.mp4,7529735,h265,7.567806482315063,7.271405965814202,176x144,10000,60.09
BigBuckBunny_h265_176x144_15000k.mp4,7529735,h265,7.591131687164307,7.271405965814202,176x144,15000,60.09
